<?xml version="1.1" encoding="UTF-8" standalone="yes"?>
<addon id="repository.djnield" name="djnields repo" version="1.1" provider-name="djnield">
    <extension point="xbmc.addon.repository" name="djnields repo">
        <dir>
            <info compressed="false">https://raw.githubusercontent.com/djnield/djnield.github.io/master/zips/addons.xml</info>
            <checksum>https://raw.githubusercontent.com/djnield/djnield.github.io/master/zips/addons.xml.md5</checksum>
            <datadir zip="true">https://raw.githubusercontent.com/djnield/djnield.github.io/master/zips/</datadir>
        </dir>
        
         <dir>
			<info compressed="false">https://raw.githubusercontent.com/123Venom/zips/master/addons.xml</info>
			<checksum>https://raw.githubusercontent.com/123Venom/zips/master/addons.xml.md5</checksum>
			<datadir zip="true">https://raw.githubusercontent.com/123Venom/zips/master/</datadir>
		</dir>

		<dir>
			<info compressed="false">https://raw.githubusercontent.com/a4k-openproject/repository.openscrapers/master/zips/addons.xml</info>
			<checksum>https://raw.githubusercontent.com/a4k-openproject/repository.openscrapers/master/zips/addons.xml.md5</checksum>
			<datadir zip="true">https://raw.githubusercontent.com/a4k-openproject/repository.openscrapers/master/zips/</datadir>
		</dir>

		<dir>
			<info compressed="false">https://raw.githubusercontent.com/nixgates/nixgates/master/packages/addons.xml</info>
			<checksum>https://raw.githubusercontent.com/nixgates/nixgates/master/packages/addons.xml.md5</checksum>
			<datadir zip="true">https://raw.githubusercontent.com/nixgates/nixgates/master/packages</datadir>
		</dir>

		<dir>
			<info compressed="false">https://raw.githubusercontent.com/a4k-openproject/repository.openmeta/master/zips/addons.xml</info>
			<checksum>https://raw.githubusercontent.com/a4k-openproject/repository.openmeta/master/zips/addons.xml.md5</checksum>
			<datadir zip="true">https://raw.githubusercontent.com/a4k-openproject/repository.openmeta/master/zips/</datadir>
		</dir>

		<dir>
			<info compressed="false">https://raw.githubusercontent.com/marcelveldt/repository.marcelveldt/master/addons.xml</info>
			<checksum>https://raw.githubusercontent.com/marcelveldt/repository.marcelveldt/master/addons.xml.md5</checksum>
			<datadir zip="true">https://raw.githubusercontent.com/marcelveldt/repository.marcelveldt/master/</datadir>
        </dir>
        
        <dir>
            <info compressed="false">https://raw.githubusercontent.com/drinfernoo/repository.openwizard/master/zips/addons.xml</info>
            <checksum>https://raw.githubusercontent.com/drinfernoo/repository.openwizard/master/zips/addons.xml.md5</checksum>
            <datadir zip="true">https://raw.githubusercontent.com/drinfernoo/repository.openwizard/master/zips/</datadir>
        </dir> 
        
        <dir>
            <info compressed="false">https://raw.githubusercontent.com/henryjfry/repository.nextup/master/zips/addons.xml</info>
            <checksum>https://raw.githubusercontent.com/henryjfry/repository.nextup/master/zips/addons.xml.md5</checksum>
            <datadir zip="true">https://raw.githubusercontent.com/henryjfry/repository.nextup/master/zips/</datadir>
        </dir>
        
        		    <info>https://raw.githubusercontent.com/rmrector/repository.rector.stuff/master/addons.xml</info>
		    <checksum>https://raw.githubusercontent.com/rmrector/repository.rector.stuff/master/addons.xml.md5</checksum>
            <datadir zip="true">https://raw.githubusercontent.com/rmrector/repository.rector.stuff/master/</datadir>
       </dir>	
      
     	
    </extension>
    <extension point="xbmc.addon.metadata">
        <summary>djnields repo</summary>
        <description>Basic Kodi Setup</description>
        <disclaimer></disclaimer>
        <platform>all</platform>
        <assets>
            <icon>icon.png</icon>
            <fanart>fanart.jpg</fanart>
        </assets>
    </extension>
</addon>