<?xml version="1.0" encoding="UTF-8" standalone="yes"?>
<addon id="repository.djnield" name="djnields repo" version="1.0" provider-name="djnield">
    <extension point="xbmc.addon.repository" name="djnields repo">
        <dir>
            <info compressed="false">https://raw.githubusercontent.com/djnield/djnield.github.io/master/zips/addons.xml</info>
            <checksum>https://raw.githubusercontent.com/djnield/djnield.github.io/master/zips/addons.xml.md5</checksum>
            <datadir zip="true">https://raw.githubusercontent.com/djnield/djnield.github.io/master/zips/</datadir>
        </dir>
         <dir>
             <info compressed="false">https://raw.githubusercontent.com/nixgates/nixgates/master/packages/addons.xml</info>
             <checksum>https://raw.githubusercontent.com/nixgates/nixgates/master/packages/addons.xml.md5</checksum>
             <datadir zip="true">https://raw.githubusercontent.com/nixgates/nixgates/master/packages</datadir>
        </dir> 
    </extension>
    <extension point="xbmc.addon.metadata">
        <summary>djnields repo</summary>
        <description>Basic Kodi Setup</description>
        <disclaimer></disclaimer>
        <platform>all</platform>
        <assets>
            <icon>icon.png</icon>
            <fanart>fanart.jpg</fanart>
        </assets>
    </extension>
</addon>